{"cameraMode":{"drawMode":0,"name":"Shaded","section":"Shading Mode"},"sceneLighting":true,"audioPlay":false,"sceneViewState":{"m_AlwaysRefresh":false,"showFog":true,"showSkybox":true,"showFlares":true,"showImageEffects":true,"showParticleSystems":true,"showVisualEffectGraphs":true,"m_FxEnabled":true},"in2DMode":false,"pivot":{"x":228.4534149169922,"y":2.4179012775421144,"z":12.71016788482666},"rotation":{"x":0.048785220831632617,"y":0.9490975737571716,"z":-0.18510006368160249,"w":0.25014519691467287},"size":2.601144313812256,"orthographic":false}